,Country,City,Date,Max Temp,Cloudiness,Humid,Latitude,Longitude,Wind Speed
0,US,Bethel,1651936501,50.85,100,78,41.3712,-73.414,8.99
1,MZ,Inhambane,1651936455,73.33,0,76,-23.865,35.3833,5.86
2,US,Jamestown,1651936391,55.02,0,54,42.097,-79.2353,11.99
3,ZA,Port Alfred,1651936515,63.18,79,95,-33.5906,26.891,5.01
4,MX,Salina Cruz,1651936761,86.43,39,57,16.1667,-95.2,5.44
5,PT,Ponta Delgada,1651936537,68.72,40,77,37.7333,-25.6667,8.05
6,RU,Babstovo,1651936763,38.68,22,70,48.1167,132.4833,6.24
7,US,Albany,1651936313,53.46,100,43,42.6001,-73.9662,1.01
8,JP,Itoman,1651936558,77.02,75,88,26.1247,127.6694,10.36
9,PF,Rikitea,1651936388,77.32,47,82,-23.1203,-134.9692,7.83
10,BR,Manacapuru,1651936764,77.56,100,91,-3.2997,-60.6206,5.91
11,UY,Chui,1651936679,68.61,0,60,-33.6971,-53.4616,2.68
12,CA,Grimshaw,1651936765,37.15,100,87,56.1834,-117.6027,17.27
13,NZ,Mataura,1651936766,51.33,99,89,-46.1927,168.8643,3.22
14,AR,Ushuaia,1651936393,55.06,40,47,-54.8,-68.3,5.75
15,PE,Saposoa,1651936770,79.61,31,80,-6.934,-76.7716,1.83
16,RU,Severo-Kuril'sk,1651936441,38.17,76,90,50.6789,156.125,3.58
17,PT,Ribeira Grande,1651936412,64.8,20,72,38.5167,-28.7,6.91
18,PT,Ponta do Sol,1651936389,72.12,83,62,32.6667,-17.1,5.82
19,BR,Laje,1651936772,86.4,34,33,-10.1833,-40.9667,15.35
20,CL,Lebu,1651936485,57.67,10,67,-37.6167,-73.65,6.11
21,CL,Coyhaique,1651936388,57.81,75,77,-45.5752,-72.0662,10.36
22,AU,Busselton,1651936394,59.43,52,69,-33.65,115.3333,4.99
23,CL,Punta Arenas,1651936367,51.91,75,66,-53.15,-70.9167,23.02
24,PT,Lagoa,1651936446,60.1,85,66,39.05,-27.9833,3.44
25,US,Barrow,1651936433,21.22,100,93,71.2906,-156.7887,14.97
26,ZA,Cape Town,1651936439,64.11,5,58,-33.9258,18.4232,11.99
27,PG,Kavieng,1651936601,82.2,45,80,-2.5744,150.7967,15.14
28,BR,Vila Velha,1651936338,84.15,0,51,-20.3297,-40.2925,16.11
29,BR,Arraial do Cabo,1651936431,78.66,40,69,-22.9661,-42.0278,13.8
30,RU,Ayan,1651936682,35.22,33,74,56.45,138.1667,11.99
31,RU,Yuzhno-Kurilsk,1651936776,45.82,100,98,44.0306,145.8556,17.56
32,CA,Iqaluit,1651936431,20.7,100,62,63.7506,-68.5145,8.99
33,JP,Nara,1651936776,63.72,100,82,34.6851,135.8049,9.24
34,CA,Port Hardy,1651936777,46.58,75,76,50.6996,-127.4199,8.05
35,RU,Vizinga,1651936778,57.43,53,49,61.0749,50.1031,8.23
36,RU,Khatanga,1651936484,0.37,14,99,71.9667,102.5,6.33
37,NZ,Bluff,1651936384,60.8,88,77,-46.6,168.3333,11.18
38,PF,Atuona,1651936403,78.15,19,70,-9.8,-139.0333,14.88
39,TD,Biltine,1651936779,106.97,3,5,14.5333,20.9167,8.7
40,PH,Ligayan,1651936780,84.33,89,74,4.6533,119.4706,6.15
41,SJ,Longyearbyen,1651936780,17.44,75,73,78.2186,15.6401,18.41
42,MU,Souillac,1651936527,75.58,40,88,-20.5167,57.5167,11.5
43,SB,Honiara,1651936482,78.04,71,89,-9.4333,159.95,6.4
44,SO,Oodweyne,1651936782,89.8,49,25,9.4092,45.064,5.79
45,RU,Vrangel',1651936782,44.64,2,65,42.7297,133.0839,9.17
46,RU,Provideniya,1651936544,30.38,99,96,64.3833,-173.3,7.76
47,ZA,Port Elizabeth,1651936467,61.09,100,94,-33.918,25.5701,11.5
48,MY,Sri Aman,1651936784,77.05,100,94,1.2376,111.4621,0.0
49,US,Sitka,1651936337,39.09,20,87,57.0531,-135.33,0.0
50,RU,Ust-Maya,1651936503,36.54,100,91,60.4167,134.5333,6.91
51,MX,Ocampo,1651936785,72.7,32,29,21.65,-101.5,8.34
52,MX,Puerto Escondido,1651936785,85.03,0,79,15.85,-97.0667,0.0
53,NA,Lüderitz,1651936525,63.75,0,57,-26.6481,15.1594,29.39
54,AR,Río Gallegos,1651936786,57.25,0,47,-51.6226,-69.2181,36.82
55,RU,Leningradskiy,1651936572,18.05,98,97,69.3833,178.4167,1.9
56,MV,Hithadhoo,1651936417,84.27,84,75,-0.6,73.0833,13.78
57,ES,Grado,1651936787,68.67,0,71,43.388,-6.0743,10.36
58,CA,Yellowknife,1651936435,34.63,100,96,62.456,-114.3525,23.35
59,US,Kahului,1651936587,75.22,100,73,20.8947,-156.47,23.02
60,US,Fortuna,1651936405,52.66,75,96,40.5982,-124.1573,6.91
61,CA,Haines Junction,1651936553,31.95,100,74,60.7522,-137.5108,0.0
62,IS,Olafsvik,1651936451,43.41,100,83,64.8945,-23.7142,17.78
63,IE,Tralee,1651936790,66.45,0,59,52.2704,-9.7026,8.05
64,SA,Turaif,1651936790,70.09,1,21,31.6725,38.6637,17.2
65,ZA,Bredasdorp,1651936391,60.08,16,59,-34.5322,20.0403,8.9
66,AU,Geraldton,1651936538,57.61,4,82,-28.7667,114.6,0.0
67,AU,Hobart,1651936396,52.27,49,80,-42.8794,147.3294,14.97
68,SB,Buala,1651936792,80.17,100,85,-8.145,159.5921,7.4
69,CL,Taltal,1651936566,63.77,100,73,-25.4,-70.4833,5.79
70,RU,Naryan-Mar,1651936793,36.46,100,100,67.6713,53.087,14.07
71,RU,Tsimmerbude,1651936794,60.85,95,79,54.675,20.1347,8.23
72,FO,Vestmanna,1651936794,47.32,40,66,62.1564,-7.1664,9.22
73,GL,Paamiut,1651936795,34.05,19,83,61.994,-49.6678,10.8
74,AO,Cabinda,1651936796,80.04,100,84,-5.55,12.2,5.77
75,RU,Verkhnevilyuysk,1651936796,35.58,100,99,63.4453,120.3167,5.64
76,NO,Kristiansund,1651936797,44.65,40,52,63.1115,7.732,20.71
77,US,Saint Paul Harbor,1651936336,38.71,0,75,57.79,-152.4072,6.91
78,NO,Odda,1651936798,49.77,84,71,60.0691,6.5457,6.8
79,RU,Esso,1651936798,34.41,100,83,55.9333,158.7,6.53
80,EC,Puerto Ayora,1651936443,75.16,41,83,-0.7393,-90.3518,7.74
81,BR,Cabedelo,1651936539,81.27,95,76,-6.9811,-34.8339,14.92
82,MU,Mahébourg,1651936460,78.26,30,78,-20.4081,57.7,15.05
83,RU,Beringovskiy,1651936595,22.8,100,92,63.05,179.3167,5.79
84,ID,Padang,1651936552,75.25,100,91,-0.9492,100.3543,4.05
85,RU,Nikolskoye,1651936404,64.87,26,63,59.7035,30.7861,11.05
86,ZA,Hermanus,1651936438,60.8,34,58,-34.4187,19.2345,9.82
87,CA,Pangnirtung,1651936506,21.11,77,75,66.1451,-65.7125,3.89
88,CL,Osorno,1651936801,58.24,75,77,-40.5667,-73.15,5.75
89,ES,Santoña,1651936802,70.32,1,67,43.4439,-3.4576,7.99
90,AU,Esperance,1651936486,57.72,46,49,-33.8667,121.9,13.24
91,KI,Butaritari,1651936390,81.55,96,77,3.0707,172.7902,10.92
92,NA,Henties Bay,1651936674,60.57,0,80,-22.116,14.2845,20.02
93,CA,Clyde River,1651936566,14.23,100,92,70.4692,-68.5914,4.61
94,VN,Tuy Hoa,1651936804,78.06,99,89,13.0833,109.3,1.97
95,CN,Binzhou,1651936541,54.19,100,20,37.3667,118.0167,4.52
96,ZA,East London,1651936805,67.14,20,82,-33.0153,27.9116,6.91
97,RU,Bilibino,1651936806,20.77,94,97,68.0546,166.4372,2.39
98,GL,Upernavik,1651936462,17.89,1,64,72.7868,-56.1549,5.57
99,US,Westport,1651936685,51.3,100,90,41.1415,-73.3579,17.27
100,IT,Ortona,1651936807,60.06,100,92,42.3496,14.4039,3.58
101,US,Rome,1651936808,57.38,0,26,43.2128,-75.4557,10.36
102,ES,Villaviciosa de Odón,1651936808,76.96,20,33,40.3569,-3.9001,6.91
103,RU,Talnakh,1651936517,11.21,51,81,69.4865,88.3972,15.73
104,US,Kapaa,1651936408,75.52,75,81,22.0752,-159.319,19.57
105,AU,Yeppoon,1651936810,64.18,100,87,-23.1333,150.7333,6.85
106,MY,Kapit,1651936810,76.35,100,97,2.0167,112.9333,0.94
107,GL,Tasiilaq,1651936444,32.16,100,65,65.6145,-37.6368,5.59
108,BR,Natal,1651936594,84.85,40,74,-5.795,-35.2094,12.66
109,PF,Faanui,1651936483,80.83,12,77,-16.4833,-151.75,6.33
110,MM,Mogok,1651936812,68.02,0,73,22.9167,96.5,2.44
111,SO,Mogadishu,1651936812,82.58,99,78,2.0371,45.3438,16.15
112,NZ,Okato,1651936814,53.91,100,91,-39.2,173.8833,5.79
113,DZ,Constantine,1651936815,54.81,100,94,36.365,6.6147,17.27
114,US,Broome,1651936398,53.98,0,37,42.2506,-75.833,9.22
115,GH,Esim,1651936816,85.8,74,66,4.8699,-2.2405,9.19
116,SD,Kutum,1651936711,94.08,99,6,14.2,24.6667,8.95
117,AR,General Pico,1651936816,72.81,12,38,-35.6566,-63.7568,12.95
118,BR,Cidreira,1651936278,66.34,5,64,-30.1811,-50.2056,4.29
119,RU,Dikson,1651936448,11.07,36,98,73.5069,80.5464,5.68
120,EE,Loksa,1651936818,49.03,100,90,59.5764,25.7214,13.11
121,JP,Hasaki,1651936454,63.0,100,88,35.7333,140.8333,2.42
122,MY,Mersing,1651936818,76.91,40,94,2.4312,103.8405,3.44
123,FI,Forssa,1651936819,44.4,100,87,60.8146,23.6215,8.59
124,TG,Badou,1651936511,84.67,95,61,7.5833,0.6,4.27
125,NO,Vardø,1651936820,41.4,26,70,70.3705,31.1107,29.71
126,BB,Bathsheba,1651936820,86.61,20,66,13.2167,-59.5167,14.97
127,AR,General Roca,1651936821,68.92,8,28,-39.0333,-67.5833,9.37
128,YE,Muhafazat Lahij,1651936822,89.62,7,41,13.1667,44.5833,10.74
129,CA,Inuvik,1651936822,32.86,20,69,68.3499,-133.7218,6.91
130,ZA,Saldanha,1651936715,60.67,1,66,-33.0117,17.9442,24.81
131,CA,Tuktoyaktuk,1651936449,28.35,100,93,69.4541,-133.0374,5.57
132,FI,Rovaniemi,1651936824,51.21,0,32,66.5,25.7167,13.8
133,ID,Bengkulu,1651936408,78.21,100,88,-3.8004,102.2655,12.17
134,BR,Seabra,1651936824,82.45,54,41,-12.4186,-41.7703,12.35
135,RU,Chara,1651936825,36.18,5,55,56.9064,118.2631,1.63
136,RU,Muravlenko,1651936826,14.22,22,88,63.7898,74.523,5.61
137,MX,Totolapan,1651936826,91.15,64,50,18.5167,-96.1833,2.77
138,US,Weston,1651936782,90.01,20,64,26.1004,-80.3998,13.8
139,MG,Ihosy,1651936827,68.92,39,85,-22.4,46.1167,1.81
140,AR,Mar del Plata,1651936468,66.87,0,75,-38.0023,-57.5575,12.66
141,TL,Airai,1651936447,60.53,47,96,-8.9266,125.4092,3.94
142,CA,Ucluelet,1651936659,45.09,74,89,48.9329,-125.5528,1.01
143,ZA,Upington,1651936829,68.38,0,37,-28.4478,21.2561,9.22
144,MX,Cabo San Lucas,1651936526,80.91,0,57,22.8909,-109.9124,0.0
145,RU,Saskylakh,1651936547,11.17,79,90,71.9167,114.0833,12.66
146,IS,Hofn,1651936450,44.02,74,67,64.2539,-15.2082,15.39
147,RU,Pevek,1651936490,19.85,99,100,69.7008,170.3133,5.48
148,BR,Camaçari,1651936830,85.77,20,53,-12.6975,-38.3242,9.22
149,US,Hamilton,1651936383,55.72,100,87,39.1834,-84.5333,16.11
150,RE,Saint-Philippe,1651936457,76.59,38,80,-21.3585,55.7679,14.52
151,ZA,Richards Bay,1651936832,70.7,0,86,-28.783,32.0377,5.17
152,CD,Bumba,1651936832,85.84,100,57,2.1833,22.4667,3.24
153,AU,Alice Springs,1651936757,42.35,0,65,-23.7,133.8833,0.0
154,NZ,Kaitangata,1651936415,55.02,100,81,-46.2817,169.8464,3.51
155,US,Pacific Grove,1651936596,59.02,0,81,36.6177,-121.9166,8.99
156,CA,Goderich,1651936834,55.72,0,35,43.7501,-81.7165,12.66
157,ML,Taoudenni,1651936834,102.2,0,8,22.6783,-3.9836,8.32
158,MX,Pueblo Nuevo,1651936835,72.43,0,24,23.3833,-105.3833,2.33
159,BR,Itarema,1651936642,85.05,91,67,-2.9248,-39.9167,11.92
160,CN,Ürümqi,1651936836,72.55,20,33,43.801,87.6005,4.47
161,BR,Castro,1651936399,63.19,63,53,-24.7911,-50.0119,5.06
162,GT,Champerico,1651936645,88.34,96,68,14.3,-91.9167,3.53
163,US,Lompoc,1651936426,57.6,100,87,34.6391,-120.4579,23.0
164,BR,Rio Grande,1651936838,75.31,0,65,-32.035,-52.0986,2.93
165,RU,Tommot,1651936712,29.12,60,95,58.9564,126.2925,3.85
166,RU,Bichura,1651936839,44.73,24,69,50.5881,107.6022,4.94
167,US,Saint George,1651936410,77.25,0,19,37.1041,-113.5841,8.05
168,BW,Dekar,1651936840,79.7,6,18,-21.5333,21.9333,7.07
169,ID,Kutoarjo,1651936841,77.99,69,91,-7.7169,109.9128,2.13
170,FR,Saint-François,1651936669,72.68,0,40,46.4154,3.9054,9.22
171,DK,Pandrup,1651936842,57.94,20,58,57.2215,9.6757,13.8
172,ID,Mlonggo,1651936843,80.1,91,84,-6.5333,110.7,3.53
173,PA,Guabito,1651936844,85.62,40,67,9.5,-82.6167,2.48
174,AU,New Norfolk,1651936467,51.93,36,72,-42.7826,147.0587,1.01
175,IN,Kānodar,1651936845,91.83,3,21,24.1,72.3833,9.51
176,RU,Chokurdakh,1651936464,24.8,100,97,70.6333,147.9167,9.22
177,AU,Batemans Bay,1651936846,54.1,2,61,-35.7167,150.1833,7.18
178,MG,Mahajanga,1651936846,82.42,20,78,-15.7167,46.3167,5.75
179,CA,La Ronge,1651936413,47.71,37,69,55.1001,-105.2842,9.22
180,LY,Jalu,1651936593,93.97,100,10,29.0331,21.5482,12.46
181,BR,Acaraú,1651936848,85.19,89,67,-2.8856,-40.12,11.21
182,GL,Narsaq,1651936469,53.82,100,77,60.9167,-46.05,3.49
183,ML,Gao,1651936659,107.1,98,9,16.6362,1.637,10.56
184,PK,Sohbatpur,1651936849,103.93,0,7,28.5202,68.5434,5.3
185,PE,Pisco,1651936640,68.05,75,83,-13.7,-76.2167,9.22
186,KZ,Zharkent,1651936468,72.12,66,45,44.1628,80.0,7.09
187,RU,Egvekinot,1651936691,21.13,100,96,66.3167,-179.1667,2.1
188,NZ,Kaeo,1651936663,53.33,87,95,-35.1,173.7833,4.83
189,ID,Sabang,1651936523,82.49,96,76,5.8933,95.3214,21.92
190,MU,Bambous Virieux,1651936406,78.22,30,78,-20.3428,57.7575,14.9
191,OM,Salalah,1651936510,86.09,20,74,17.0151,54.0924,10.36
192,RU,Sangar,1651936546,22.59,100,96,63.9242,127.4739,2.89
193,MN,Darhan,1651936852,49.19,0,55,49.4867,105.9228,6.73
194,RU,Palana,1651936853,30.36,100,97,59.1167,159.9667,30.31
195,RU,Kozhva,1651936854,39.09,100,98,65.1073,57.0459,6.04
196,ID,Luwuk,1651936854,78.98,100,90,-0.9516,122.7875,1.34
197,NZ,Dunedin,1651936566,61.81,100,57,-45.8742,170.5036,5.37
198,US,Fairbanks,1651936502,38.82,100,94,64.8378,-147.7164,3.44
199,JP,Nemuro,1651936564,47.14,100,98,43.3236,145.575,27.63
200,RO,Asău,1651936488,63.52,47,45,46.4333,26.4,6.49
201,MZ,Chibuto,1651936856,75.02,0,60,-24.6867,33.5306,4.61
202,NZ,Tuatapere,1651936857,54.03,73,90,-46.1333,167.6833,5.75
203,NO,Rørvik,1651936857,39.97,100,62,64.8621,11.2373,30.74
204,PG,Samarai,1651936858,82.6,100,81,-10.6167,150.6667,11.05
205,PT,Lata,1651936859,82.49,100,35,40.1629,-8.3327,6.53
206,UZ,Almazar,1651936860,82.24,0,32,40.3217,69.0106,7.87
207,NC,Vao,1651936860,74.43,4,71,-22.6667,167.4833,23.33
208,US,Hilo,1651936309,80.28,100,91,19.7297,-155.09,8.05
209,RU,Cherskiy,1651936530,27.54,100,98,68.75,161.3,1.54
210,CD,Butembo,1651936862,68.02,40,80,0.15,29.2833,2.06
211,ML,Sokolo,1651936862,108.1,72,12,14.7328,-6.1219,10.51
212,CO,Puerto Carreño,1651936684,82.44,98,73,6.189,-67.4859,1.1
213,GF,Cayenne,1651936466,81.09,75,1,4.9333,-52.3333,3.44
214,LY,Sabha,1651936863,89.91,75,14,27.0377,14.4283,7.07
215,GL,Qaanaaq,1651936502,17.94,99,75,77.484,-69.3632,4.05
216,CN,Linjiang,1651936864,37.94,5,50,41.8069,126.9078,1.14
217,ZA,Ulundi,1651936865,68.02,1,66,-28.3352,31.4162,5.79
218,VE,San Cristobal,1651936866,77.18,100,90,7.7669,-72.225,4.0
219,LK,Hambantota,1651936423,82.2,46,80,6.1241,81.1185,14.23
220,AU,Carnarvon,1651936392,64.47,40,72,-24.8667,113.6333,0.0
221,CA,Thompson,1651936283,51.93,46,92,55.7435,-97.8558,10.6
222,TO,Vaini,1651936452,71.76,75,94,-21.2,-175.2,0.0
223,ZA,Port Shepstone,1651936631,71.28,57,84,-30.7414,30.455,10.09
224,ZA,Kruisfontein,1651936470,56.88,100,90,-34.0033,24.7314,6.62
225,CK,Avarua,1651936410,75.25,20,94,-21.2078,-159.775,3.44
226,TH,Mae Ramat,1651936868,78.49,84,81,16.984,98.5166,2.24
227,CN,Dongkan,1651936869,53.92,4,65,33.9997,119.8308,9.01
228,AR,Comodoro Rivadavia,1651936532,67.86,0,45,-45.8667,-67.5,19.57
229,GB,Bath,1651936837,69.06,1,51,51.3779,-2.3591,8.84
230,AU,Port Lincoln,1651936590,56.55,12,78,-34.7333,135.8667,2.44
231,JP,Naze,1651936391,69.21,47,85,28.3667,129.4833,4.63
232,US,Portland,1651936871,49.24,100,88,45.5234,-122.6762,5.75
233,TR,Mersin Province,1651936871,67.06,57,55,36.862,34.6509,9.13
234,IN,Tura,1651936578,75.43,6,73,25.5198,90.2201,3.69
235,NZ,Christchurch,1651936806,56.48,85,85,-43.5333,172.6333,2.3
236,AO,Soyo,1651936508,82.2,98,75,-6.1349,12.3689,8.63
237,BR,São Gabriel da Cachoeira,1651936873,80.4,75,83,-0.1303,-67.0892,3.44
238,CL,Ancud,1651936873,55.35,100,83,-41.8697,-73.8203,14.61
239,ID,Tarakan,1651936875,82.9,100,72,3.3,117.6333,3.69
240,RU,Lavrentiya,1651936625,18.52,95,98,65.5833,-171.0,3.94
241,NL,Dordrecht,1651936876,68.13,23,67,51.81,4.6736,5.01
242,PE,Chicama,1651936426,61.34,12,70,-7.8447,-79.1469,7.45
243,BJ,Porto-Novo,1651936877,85.19,91,63,6.4965,2.6036,7.07
244,JP,Shimizu,1651936878,53.83,100,94,43.0061,142.8847,7.47
245,BR,Centenário do Sul,1651936878,69.93,100,51,-22.8211,-51.5953,10.89
246,IN,Bhikangaon,1651936879,99.64,57,16,21.8667,75.95,3.11
247,US,Lovington,1651936880,86.04,17,9,32.944,-103.3485,4.0
248,MG,Antalaha,1651936881,76.08,10,89,-14.9003,50.2788,6.26
249,ES,La Rioja,1651936626,65.98,0,50,42.25,-2.5,10.33
250,MA,Tiznit Province,1651936883,88.9,56,12,29.5833,-9.5,10.11
251,MY,Marabu,1651936884,78.94,40,100,4.4148,114.0089,3.44
252,CA,Aklavik,1651936399,29.59,100,88,68.2191,-135.0107,6.31
253,CA,Peace River,1651936885,39.65,100,95,56.2501,-117.286,17.27
254,BR,Monte Alegre,1651936885,85.24,86,65,-2.0078,-54.0692,4.81
255,RU,Orlik,1651936886,45.91,1,59,52.5178,99.825,6.64
256,NZ,Te Anau,1651936887,56.32,100,91,-45.4167,167.7167,3.96
257,AU,Broken Hill,1651936706,51.8,0,51,-31.95,141.4333,2.71
258,AU,Roebourne,1651936888,77.61,1,64,-20.7833,117.1333,5.64
259,CA,Port-Cartier,1651936889,41.22,5,58,50.0334,-66.8654,9.17
260,CL,Constitución,1651936676,60.87,0,59,-35.3333,-72.4167,6.67
261,CN,Xucheng,1651936890,72.64,66,90,20.35,110.1288,9.01
262,BR,Olinda,1651936588,85.73,40,66,-8.0089,-34.8553,10.36
263,RU,Tarko-Sale,1651936736,13.68,8,85,64.9225,77.785,14.72
264,HT,Les Cayes,1651936891,81.9,31,72,18.2,-73.75,9.55
265,PG,Panguna,1651936891,68.72,99,96,-6.3164,155.4848,3.18
266,RU,Kirovskiy,1651936892,39.0,39,76,45.0917,133.5136,4.45
267,CA,Norman Wells,1651936418,37.65,100,79,65.282,-126.8329,1.77
268,AU,Codrington,1651936740,52.59,52,86,-38.2667,141.9667,10.0
269,CV,Vila do Maio,1651936893,83.19,43,83,15.1333,-23.2167,23.04
270,BR,Pedregulho,1651936894,79.43,0,45,-20.2569,-47.4767,1.77
271,GL,Nanortalik,1651936422,40.26,100,73,60.1432,-45.2371,3.67
272,IN,Kavaratti,1651936897,84.92,9,71,10.5669,72.642,13.98
273,RO,Vlad Ţepeş,1651936898,68.76,28,37,44.35,27.0833,12.17
274,MG,Beloha,1651936462,70.68,53,88,-25.1667,45.05,2.71
275,TR,Denizli Province,1651936899,71.62,0,29,37.8402,29.0698,7.83
276,RU,Preobrazheniye,1651936899,42.98,0,64,42.9019,133.9064,8.99
277,CV,São Filipe,1651936448,73.85,33,80,14.8961,-24.4956,13.31
278,ID,Meulaboh,1651936900,77.07,100,89,4.1363,96.1285,3.31
279,ML,Kita,1651936505,109.0,4,13,13.0349,-9.4895,1.48
280,CD,Bunia,1651936901,76.06,62,64,1.5667,30.25,7.07
281,PK,Keti Bandar,1651936901,82.56,0,75,24.1447,67.4497,13.56
282,RU,Zhigansk,1651936429,21.15,100,87,66.7697,123.3711,8.43
283,US,Nome,1651936672,32.07,100,80,64.5011,-165.4064,17.27
284,ID,Karaton,1651936902,75.22,99,92,-6.3424,106.1045,3.33
285,CN,Jijiang,1651936903,83.37,45,64,29.2906,106.2542,4.52
286,UG,Kotido,1651936904,74.41,97,68,2.9806,34.1331,3.74
287,IR,Tabas,1651936904,77.04,91,38,33.5959,56.9244,11.45
288,US,Chico,1651936692,59.67,0,72,39.7285,-121.8375,11.5
289,US,Brunswick,1651936905,56.8,40,65,41.2381,-81.8418,18.41
290,UG,Apac,1651936906,79.21,94,58,1.9756,32.5386,3.18
291,MV,Kulhudhuffushi,1651936906,84.96,99,73,6.6221,73.07,13.38
292,CU,Puerto Padre,1651936907,86.99,8,54,21.195,-76.6028,3.69
293,BF,Djibo,1651936907,108.5,80,9,14.1022,-1.6306,14.18
294,MX,Petatlán,1651936908,78.6,100,51,17.5167,-101.2667,3.36
295,IR,Rafsanjān,1651936909,78.3,78,25,30.4067,55.9939,18.12
296,MX,San Quintín,1651936642,61.93,56,79,30.4833,-115.95,9.42
297,TO,Neiafu,1651936910,75.79,75,86,-18.65,-173.9833,13.11
298,EC,Puerto Baquerizo Moreno,1651936910,76.19,40,78,-0.9,-89.6,10.36
299,MZ,Manjacaze,1651936911,73.31,0,69,-24.7117,33.8828,4.9
300,VE,Quibor,1651936911,80.15,92,62,9.9287,-69.6201,3.42
301,HK,Hong Kong,1651936533,77.32,100,80,22.2855,114.1577,4.0
302,MR,Atar,1651936681,105.24,0,10,20.5169,-13.0499,9.82
303,DE,Cologne,1651936913,72.25,20,44,50.9333,6.95,6.91
304,PT,Vila Franca do Campo,1651936913,68.41,95,88,37.7167,-25.4333,3.51
305,US,Torrington,1651936914,51.35,100,65,41.8007,-73.1212,8.01
306,RU,Suksun,1651936915,50.02,44,66,57.1431,57.3949,8.97
307,BR,São Mateus,1651936915,80.62,79,63,-18.7161,-39.8589,11.79
308,RU,Smolenskaya Oblast’,1651936916,57.27,100,65,55.0,33.0,11.5
309,US,North Branch,1651936916,66.49,0,63,45.5113,-92.9802,13.13
310,RU,Kysyl-Syr,1651936917,29.91,100,96,63.8986,122.7617,7.7
311,CN,Yumen,1651936694,58.77,100,19,40.2833,97.2,11.23
312,CA,Torbay,1651936498,41.29,53,66,47.6666,-52.7314,11.01
313,CO,Cubarral,1651936918,75.45,90,86,3.7935,-73.8406,2.71
314,CM,Batouri,1651936919,86.79,89,49,4.4333,14.3667,3.24
315,ZM,Luangwa,1651936919,82.08,6,44,-15.6167,30.4167,3.76
316,ID,Labuhan,1651936920,80.62,87,85,-6.8844,112.2051,4.88
317,BR,São João da Barra,1651936507,80.69,2,57,-21.6403,-41.0511,13.49
318,RU,Turinsk,1651936921,48.25,93,73,58.0458,63.696,10.85
319,CA,Mackenzie,1651936808,37.62,100,100,55.2999,-123.1698,2.3
320,CM,Kaélé,1651936921,103.35,100,20,10.1092,14.4508,10.83
321,AR,San Luis,1651936896,72.54,0,29,-33.295,-66.3356,11.59
322,PG,Namatanai,1651936599,79.57,36,84,-3.6667,152.4333,8.81
323,RU,Ilanskiy,1651936923,47.08,100,35,56.2358,96.065,21.21
324,RU,Ust'-Kut,1651936923,52.88,100,81,56.7938,105.7672,8.3
325,NU,Alofi,1651936684,75.09,73,94,-19.0595,-169.9187,9.22
326,CA,Bonavista,1651936492,37.78,47,60,48.6499,-53.1147,15.37
327,IR,Bam,1651936925,86.4,59,20,29.106,58.357,15.23
328,ID,Samarinda,1651936494,75.2,100,96,-0.5,117.15,0.6
329,AR,Mercedes,1651936926,71.64,0,54,-34.6515,-59.4307,11.01
330,VU,Sola,1651936927,81.57,1,66,-13.8833,167.55,18.52
331,TH,Lang Suan,1651936927,80.46,100,88,9.9456,99.0785,8.68
332,US,Ketchikan,1651936928,43.27,75,81,55.3422,-131.6461,6.91
333,GE,Oni,1651936688,48.74,100,99,42.5794,43.4425,2.77
334,JP,Katsuura,1651936516,62.28,97,91,35.1333,140.3,4.47
335,GR,Corinth,1651936930,74.41,81,40,37.9407,22.9573,6.78
336,GH,Takoradze,1651936930,82.06,84,75,4.8845,-1.7554,7.36
337,CD,Boende,1651936931,88.16,50,54,-0.2167,20.8667,2.84
338,GB,Liverpool,1651936459,64.74,40,68,53.4106,-2.9779,11.5
339,US,Sedalia,1651936872,60.93,0,66,38.7045,-93.2283,9.17
340,BR,Boa Vista,1651936932,75.18,100,88,2.8197,-60.6733,2.3
341,UA,Lopatyn,1651936932,63.79,50,65,50.2202,24.8483,5.88
342,BR,São Félix do Xingu,1651936621,87.67,12,58,-6.6447,-51.995,3.53
343,RU,Oktyabr'skiy,1651936933,54.21,71,50,54.4815,53.471,1.16
344,CO,Pizarro,1651936934,83.08,61,71,4.9533,-77.366,4.81
345,MU,Quatre Cocos,1651936428,78.1,26,79,-20.2078,57.7625,14.79
346,NZ,Ahipara,1651936421,56.44,71,82,-35.1667,173.1667,3.11
347,ID,Waingapu,1651936935,79.7,44,87,-9.6567,120.2641,10.6
348,US,Tyler,1651936893,80.29,75,74,32.3513,-95.3011,12.66
349,GB,Belfast,1651936936,59.59,90,76,54.5833,-5.9333,5.75
350,US,Winslow,1651936937,73.58,0,14,35.0242,-110.6974,12.66
351,MY,George Town,1651936438,84.13,20,89,5.4112,100.3354,4.61
352,CN,Zhangjiakou,1651936938,44.55,100,67,40.81,114.8794,7.11
353,AO,Mossamedes,1651936418,77.31,37,63,-15.1961,12.1522,11.97
354,TR,Bitlis Province,1651936938,44.56,70,74,38.5,42.25,9.1
355,AR,Viedma,1651936939,70.38,6,32,-40.8135,-62.9967,17.87
356,MX,Acapulco de Juárez,1651936519,80.42,100,74,16.8634,-99.8901,0.0
357,PE,El Alto,1651936940,74.86,89,69,-4.2714,-81.2147,6.64
358,CN,Shenzhen,1651936941,77.22,99,92,22.5455,114.0683,4.07
359,RU,Vostok,1651936453,33.13,100,96,46.4856,135.8833,2.19
360,NO,Bjørnevatn,1651936942,44.94,60,49,69.6672,29.9847,28.77
361,CN,Kashgar,1651936942,76.21,20,27,39.4547,75.9797,2.24
362,PK,Ormara,1651936592,81.64,0,81,25.2088,64.6357,17.18
363,CZ,Veselí nad Lužnicí,1651936943,59.05,100,80,49.1843,14.6973,1.41
364,SE,Luleå,1651936944,50.07,0,34,65.5842,22.1547,21.85
365,RU,Shelabolikha,1651936944,42.98,22,36,53.4131,82.6167,6.51
366,PY,Yuty,1651936945,69.96,76,58,-26.6,-56.25,1.57
367,AU,Alyangula,1651936945,79.14,54,74,-13.8483,136.4192,13.42
368,CA,Rocky Mountain House,1651936716,42.91,73,56,52.3668,-114.9188,2.3
369,IN,Mahabalipuram,1651936946,88.05,100,78,12.6264,80.1722,9.51
370,CL,Coquimbo,1651936665,56.93,100,82,-29.9533,-71.3436,2.3
371,PF,Vaitape,1651936581,80.8,12,77,-16.5167,-151.75,6.29
372,CD,Luebo,1651936947,84.78,91,61,-5.35,21.4167,2.48
373,RU,Ust-Nera,1651936948,21.34,100,96,64.5667,143.2,3.0
374,AU,Ulladulla,1651936949,46.76,0,56,-35.35,150.4667,12.35
375,CL,Valparaíso,1651936949,53.83,100,100,-33.0393,-71.6273,3.44
376,JP,Rumoi,1651936950,46.09,100,95,43.9344,141.6428,18.16
377,LY,Darnah,1651936950,73.08,26,50,32.767,22.6367,20.56
378,LK,Kalmunai,1651936540,83.43,87,77,7.4167,81.8167,3.67
379,CO,San Andrés,1651936805,86.02,20,74,12.5847,-81.7006,8.05
380,RU,Ust'-Koksa,1651936952,52.47,63,80,50.2696,85.6108,3.42
381,ID,Kawalu,1651936952,74.03,100,96,-7.3817,108.2082,1.92
382,BY,Pastavy,1651936953,58.42,39,65,55.1168,26.8326,9.69
383,PE,Hualmay,1651936435,68.5,11,78,-11.0964,-77.6139,9.44
384,CI,Tabou,1651936744,85.14,82,69,4.423,-7.3528,7.07
385,MX,Matamoros,1651936922,80.71,0,29,25.5333,-103.25,0.0
386,ES,Agüimes,1651936954,71.65,20,68,27.9054,-15.4461,28.77
387,FO,Klaksvík,1651936635,49.12,99,67,62.2266,-6.589,10.07
388,UZ,Yangi Marg`ilon,1651936403,83.12,0,26,40.4272,71.7189,4.61
389,LK,Batticaloa,1651936955,83.17,91,79,7.7102,81.6924,8.39
390,US,San Patricio,1651936463,84.07,10,61,28.017,-97.5169,12.12
391,MA,Safi,1651936956,74.7,9,54,32.2994,-9.2372,22.55
392,AU,Deniliquin,1651936957,50.27,23,87,-35.5333,144.9667,6.17
393,GR,Corinth,1651936957,74.41,81,40,37.9407,22.9573,6.78
394,US,Green River,1651936790,55.8,100,45,41.5286,-109.4662,8.99
395,ZA,Ellisras,1651936959,78.71,6,20,-23.6649,27.7443,3.38
396,SO,Eyl,1651936959,85.89,42,71,7.9803,49.8164,19.69
397,RU,Tigil',1651936960,33.8,100,88,57.8,158.6667,23.6
398,CA,Fort Nelson,1651936524,42.39,100,61,58.8053,-122.7002,14.97
399,DO,Santo Domingo,1651936775,84.92,75,75,18.5001,-69.9886,11.5
400,CN,Luyang,1651936961,69.91,100,92,27.6239,110.0989,1.5
401,RU,Otradnoye,1651936702,66.04,29,61,59.7775,30.8181,10.76
402,AO,Camabatela,1651936962,70.54,95,75,-8.1881,15.375,1.54
403,DE,Holzminden,1651936963,71.91,95,70,51.828,9.4455,6.13
404,SD,Kassala,1651936963,103.69,53,13,15.451,36.4,11.99
405,UZ,Kitob,1651936964,77.67,100,34,39.0843,66.8332,3.36
406,JM,Lucea,1651936965,86.86,1,65,18.451,-78.1736,2.46
407,JP,Muroto-misakicho,1651936965,66.25,2,82,33.2833,134.15,6.13
408,RU,Leninskiy,1651936966,56.08,93,60,54.2781,37.4558,11.14
409,US,Cumberland,1651936966,77.49,20,62,35.0502,-78.8664,6.91
410,CD,Kasongo-Lunda,1651936967,82.22,100,70,-6.4667,16.8167,2.93
411,GA,Omboué,1651936967,79.09,100,82,-1.5746,9.2618,2.53
412,AU,Narrabri,1651936968,50.52,100,70,-30.3167,149.7833,1.01
413,NO,Sørland,1651936969,38.66,100,59,67.667,12.6934,28.16
414,NO,Storsteinnes,1651936969,38.05,100,97,69.2408,19.2344,15.99
415,BR,Trairi,1651936970,84.16,99,66,-3.2778,-39.2689,9.98
416,PE,Chimbote,1651936970,67.89,55,79,-9.0853,-78.5783,5.88
417,KE,Moyale,1651936971,72.45,100,76,3.5167,39.0584,4.07
418,US,North Bend,1651936971,49.86,100,94,43.4065,-124.2243,12.66
419,CA,Saint-Augustin,1651936551,38.57,99,49,51.226,-58.6502,16.67
420,NO,Kjøllefjord,1651936566,37.45,44,84,70.9457,27.3465,25.23
421,MX,La Providencia,1651936885,84.2,0,33,28.7167,-111.5833,7.72
422,GL,Kangaatsiaq,1651936499,24.69,27,76,68.3065,-53.4641,4.68
423,ES,Tàrrega,1651936973,78.15,22,26,41.647,1.1396,11.54
424,RU,Koshurnikovo,1651936974,39.4,100,77,54.1667,93.3,6.31
425,KM,Domoni,1651936974,80.2,74,84,-12.2569,44.5319,11.97
426,RU,Asha,1651936975,49.15,33,61,54.9973,57.2722,3.13
427,IN,Sirohi,1651936975,94.42,1,13,24.8833,72.8667,6.26
428,AU,Byron Bay,1651936737,62.94,100,93,-28.65,153.6167,9.55
429,KZ,Ereymentau,1651936976,44.15,3,39,51.6199,73.1033,5.19
430,RU,Kingisepp,1651936977,61.23,39,47,59.3733,28.6134,9.84
431,RU,Nizhniy Odes,1651936978,44.94,78,94,63.6445,54.856,4.79
432,IN,Porbandar,1651936978,83.68,0,72,21.6422,69.6093,15.86
433,US,Wahiawā,1651936979,71.92,40,72,21.5028,-158.0236,8.05
434,PF,Tautira,1651936979,80.53,4,76,-17.7333,-149.15,3.38
435,CN,Chengde,1651936980,51.19,100,34,40.9725,117.9361,5.32
436,BR,Niterói,1651936972,74.86,75,79,-22.8833,-43.1036,8.05
437,LY,Ajdabiya,1651936981,78.6,0,39,30.7554,20.2263,13.82
438,ID,Tual,1651936981,85.05,76,76,-5.6667,132.75,20.31
439,NO,Kautokeino,1651936982,35.8,100,61,69.0125,23.0412,23.8
440,KZ,Kostanay,1651936983,52.09,0,20,53.1667,63.5833,2.24
441,RU,Nefteyugansk,1651936983,22.51,71,85,61.0998,72.6035,7.05
442,SE,Umeå,1651936718,51.73,0,30,63.8284,20.2597,23.02
443,US,Palmer,1651936984,53.24,100,46,42.1584,-72.3287,19.57
444,RU,Ola,1651936416,32.14,100,99,59.5833,151.2833,1.54
445,PH,Dingle,1651936425,79.74,8,83,10.9995,122.6711,7.54
446,RU,Petropavlovsk-Kamchatskiy,1651936567,34.39,94,93,53.0452,158.6483,6.71
447,US,Tucumcari,1651936986,81.95,0,9,35.1717,-103.725,16.11
448,BO,La Santisima Trinidad,1651936990,82.38,1,44,-14.8333,-64.9,9.22
449,ID,Bima,1651936991,77.09,16,92,-8.4667,118.7167,3.51
450,MN,Khovd,1651936430,65.03,97,20,48.0056,91.6419,4.27
451,IN,Māngrol,1651936992,83.08,0,76,21.1167,70.1167,18.57
452,RU,Zyryanka,1651936533,29.34,100,92,65.75,150.85,10.25
453,AF,Oruzgan,1651936993,80.38,70,17,32.8333,66.0,9.15
454,RU,Mamakan,1651936993,35.96,100,90,57.8161,114.0028,3.38
455,PS,Gaza,1651936830,71.89,16,54,31.5,34.4667,10.96
456,ZA,Springbok,1651936994,53.38,19,56,-29.6643,17.8865,16.2
457,RU,Tiksi,1651936428,8.29,16,94,71.6872,128.8694,8.23
458,RU,Chekmagush,1651936995,53.83,62,54,55.1319,54.6556,2.64
459,RU,Shebunino,1651936996,44.42,100,95,46.4339,141.8603,13.38
460,CD,Kasongo,1651936997,80.91,86,69,-4.45,26.6667,3.71
461,US,Houston,1651936684,85.39,75,74,29.7633,-95.3633,8.05
462,ES,Requena,1651936997,66.52,53,30,39.4883,-1.1004,4.5
463,IN,Port Blair,1651936419,77.2,100,94,11.6667,92.75,14.43
464,GR,Empório,1651936998,62.96,88,62,40.4833,21.55,5.84
465,HU,Szentlőrinckáta,1651936999,73.94,77,49,47.5195,19.7529,0.51
466,NE,Bilma,1651937000,105.33,92,8,18.6853,12.9164,2.98
467,UA,Zolochiv,1651937000,62.33,87,70,49.806,24.8944,4.23
468,BR,Morros,1651937001,89.92,7,36,-9.4467,-46.3003,8.68
469,CN,Zhangye,1651937001,63.57,100,15,38.9342,100.4517,10.02
470,CN,Qiongshan,1651937002,73.38,40,100,20.0058,110.3542,2.24
471,AU,Seddon,1651937002,56.68,100,84,-37.8068,144.8916,8.05
472,FR,La Seyne-sur-Mer,1651937003,72.54,39,63,43.0982,5.8847,6.64
473,MZ,Maputo,1651936838,78.48,20,79,-25.9653,32.5892,11.5
474,CA,Vanderhoof,1651937004,38.12,99,60,54.0166,-124.0198,6.29
475,NO,Roald,1651936598,47.08,0,49,62.5833,6.1333,11.5
476,RU,Belaya Gora,1651936583,22.06,100,97,68.5333,146.4167,8.84
477,US,Winton,1651937005,59.02,0,68,37.3894,-120.6133,17.27
478,ET,Gelemso,1651937006,76.5,88,36,8.8167,40.5167,2.98
479,NO,Berlevåg,1651936545,40.8,10,81,70.8578,29.0864,28.79
480,AU,Warrnambool,1651937007,53.82,89,81,-38.3833,142.4833,11.27
481,MX,Celestún,1651936612,85.86,28,65,20.8667,-90.4,5.86
482,ES,Los Llanos de Aridane,1651936628,69.55,20,75,28.6585,-17.9182,14.97
483,JP,Shimoda,1651937008,62.1,62,89,34.6667,138.95,4.56
484,BR,Olindina,1651937008,87.89,7,39,-11.3667,-38.3333,11.7
485,AU,Port Augusta,1651937009,53.73,0,55,-32.5,137.7667,4.12
486,ID,Banda Aceh,1651937009,79.43,99,83,5.5577,95.3222,15.82
487,US,Cape Canaveral,1651937010,87.03,0,63,28.4058,-80.6048,17.27
488,RU,Belyy Yar,1651937011,48.09,0,46,53.6039,91.3903,15.66
489,RU,Teya,1651937011,29.61,100,89,60.3778,92.6267,14.92
490,FR,Chaumont,1651937012,63.66,100,68,48.1167,5.1333,9.8
491,VE,Upata,1651937012,75.2,98,77,8.0086,-62.3989,1.99
492,CN,Linfen,1651937013,60.12,94,49,36.0889,111.5189,5.03
493,CA,Pinawa,1651937013,63.39,28,54,50.1489,-95.8811,13.67
494,FI,Sipoo,1651937014,48.85,100,91,60.3775,25.2691,11.5
495,RU,Monchegorsk,1651937015,39.13,100,95,67.9397,32.8739,8.9
496,PH,Culaman,1651937015,81.21,85,81,5.9603,125.6586,9.22
497,AU,Karratha,1651937016,77.31,0,65,-20.7377,116.8463,6.93
498,US,Russell,1651936542,71.96,0,56,32.3502,-85.1999,12.66
499,BO,Colquechaca,1651937017,38.25,3,51,-18.6667,-66.0167,4.56
500,MX,Guerrero Negro,1651937017,61.18,15,80,27.9769,-114.0611,11.92
501,RU,Sobolevo,1651936656,56.53,97,68,54.4299,31.8996,14.18
502,PT,Camacha,1651937018,65.62,40,64,33.0833,-16.3333,14.97
503,RU,Kargat,1651937019,40.01,83,29,55.1956,80.2811,12.35
504,BR,Touros,1651936516,81.7,93,79,-5.1989,-35.4608,14.52
505,IN,Rāwatbhāta,1651937019,94.86,0,15,24.9333,75.5833,2.24
506,US,Mayo,1651936722,54.12,100,93,38.8876,-76.5119,12.66
507,RU,Dzhebariki-Khaya,1651937020,33.15,99,97,62.2167,135.8,6.11
508,RU,Dulyapino,1651937021,58.19,92,49,57.2578,40.8147,12.15
509,MR,Nouadhibou,1651937021,71.58,1,73,20.931,-17.0347,21.85
510,VU,Isangel,1651936643,75.74,16,74,-19.55,169.2667,16.93
511,TD,Adré,1651937022,101.03,50,6,13.4667,22.2,5.39
512,RU,Tselinnoye,1651937023,45.68,100,34,53.0833,85.6667,9.35
513,GB,Brae,1651937023,47.01,63,55,60.3964,-1.353,8.81
514,FR,Oloron-Sainte-Marie,1651937024,72.97,16,50,43.1944,-0.6107,6.44
515,GL,Ilulissat,1651936559,28.42,20,59,69.2167,-51.1,3.44
516,ID,Amahai,1651937025,80.58,99,85,-3.3333,128.9167,4.61
517,SO,Garoowe,1651937025,91.71,96,38,8.4054,48.4845,11.9
518,CL,Diego de Almagro,1651937026,66.65,100,46,-26.3667,-70.05,4.52
519,CA,Dawson Creek,1651937026,35.24,100,93,55.7666,-120.2362,18.41
520,IN,Patti,1651937027,89.67,0,13,31.2808,74.8572,2.37
521,RU,Ovsyanka,1651937028,45.57,91,36,55.9575,92.5519,15.35
522,IN,Kānt,1651937028,94.39,0,16,27.8,79.8,2.62
523,CO,Barrancas,1651937029,82.65,100,71,10.9576,-72.7877,2.21
524,US,Eureka,1651936896,51.67,79,95,40.8021,-124.1637,3.0
525,NE,Filingué,1651937030,109.38,99,9,14.3521,3.3168,13.0
526,BR,Presidente Médici,1651937031,81.93,0,60,-11.1753,-61.9014,5.97
527,CA,Rossland,1651937031,38.62,100,94,49.0831,-117.8022,4.0
528,GB,Brodick,1651937032,57.04,28,69,55.5754,-5.1472,2.01
529,BR,Catalão,1651937032,84.34,0,40,-18.1658,-47.9464,5.88
530,KG,Suluktu,1651937033,69.28,0,46,39.9337,69.57,2.26
531,US,Redlands,1651937033,79.93,0,64,34.0556,-117.1825,0.0
532,GL,Qaqortoq,1651936666,42.04,100,63,60.7167,-46.0333,4.7
533,ID,Galesong,1651937034,77.02,100,85,-5.3166,119.3661,4.7
534,CA,Prince Albert,1651937035,51.75,75,66,53.2001,-105.7677,0.0
535,BR,João Pinheiro,1651937035,83.75,10,45,-17.7425,-46.1725,7.4
536,IR,Bandar-e Lengeh,1651937036,95.11,1,28,26.5579,54.8807,4.61
537,IT,Laas,1651937037,57.69,98,88,46.6166,10.7002,4.56
538,IN,Leh,1651936478,51.3,63,35,34.1667,77.5833,5.88
539,CN,Shunyi,1651937037,49.95,100,81,40.125,116.6453,4.47
540,KY,Bodden Town,1651936708,86.94,20,70,19.2833,-81.25,10.36
541,AU,Mackay,1651936464,73.69,86,86,-21.15,149.2,8.23
542,NP,Kathmandu,1651937021,64.62,75,94,27.7167,85.3167,0.0
543,UA,Pavlohrad,1651937039,60.96,0,39,48.5167,35.8667,8.41
544,RU,Il'inskoye-Khovanskoye,1651937039,57.11,94,57,56.9718,39.7684,13.6
545,BJ,Banikoara,1651937040,103.1,100,21,11.2985,2.4386,7.58
546,CM,Yokadouma,1651937040,86.68,74,46,3.5167,15.05,3.74
547,ID,Bontang,1651937041,80.64,100,85,0.1333,117.5,5.55
548,SA,Makkah al Mukarramah,1651937042,92.25,0,17,21.4267,39.8261,15.05
549,AR,San Vicente,1651937042,71.02,62,38,-26.6167,-54.1333,1.39
550,BR,Itacaré,1651937043,82.81,27,64,-14.2775,-38.9967,9.42
551,RU,Vanavara,1651936683,39.85,11,65,60.34,102.2797,16.26
552,GB,Holbeach,1651937044,64.44,26,73,52.804,0.0144,5.99
553,AU,Biloela,1651937045,62.38,100,68,-24.4167,150.5,10.74
554,RU,Strezhevoy,1651937045,23.5,100,76,60.7333,77.5889,13.29
555,PE,Urubamba,1651937046,63.5,48,57,-13.3047,-72.1158,1.97
556,IR,Khorramshahr,1651937046,89.56,0,22,30.4397,48.1664,9.22
557,RU,Yar-Sale,1651936453,15.24,32,92,66.8333,70.8333,6.22
558,KE,Lamu,1651937047,82.62,84,79,-2.2717,40.902,15.43
559,CL,Tocopilla,1651936616,66.54,29,71,-22.092,-70.1979,4.23
560,TM,Balkanabat,1651937048,74.17,39,54,39.5108,54.3671,11.27
561,RU,Yerofey Pavlovich,1651937049,37.85,2,54,53.9667,121.9667,3.53
562,BR,Pilar,1651937050,78.73,81,67,-9.5972,-35.9567,7.27
563,RU,Omsukchan,1651937050,21.54,100,97,62.5333,155.8,3.6
564,CA,Campbellton,1651937051,43.25,6,36,48.0075,-66.6727,5.61
565,GR,Melivoia,1651937051,64.81,13,53,39.75,22.8,9.15
566,JP,Tateyama,1651937052,61.11,98,90,34.9833,139.8667,2.66
567,CN,Yatou,1651937053,49.5,86,41,37.15,122.3833,7.94
568,RU,Ossora,1651936482,30.31,100,99,59.2353,163.0719,2.64
569,MX,Pochutla,1651937053,87.82,99,42,15.7432,-96.4661,4.18
570,BR,Unaí,1651937054,87.19,11,44,-16.3575,-46.9061,8.01
571,PH,Banugao,1651937055,80.06,23,89,14.7333,121.6333,8.88
572,FR,Hyères,1651937055,67.66,60,67,43.1167,6.1167,9.22
573,NG,Sabla,1651937056,104.2,100,20,12.7525,4.7077,6.89
574,CD,Manono,1651937056,84.67,100,60,-7.3,27.4167,2.91
575,MZ,Cuamba,1651937057,76.6,85,59,-14.8031,36.5372,1.81
576,CN,Weihe,1651937058,60.4,7,92,32.9952,105.3247,4.9
577,ID,Pontianak,1651937058,75.18,75,94,-0.0333,109.3333,9.22
578,PG,Lorengau,1651936686,82.51,92,82,-2.0226,147.2712,13.11
579,BR,Salinópolis,1651936635,79.41,100,86,-0.6136,-47.3561,8.41
580,AR,Necochea,1651937059,67.86,100,53,-38.5473,-58.7368,12.84
581,IN,Yerraguntla,1651937060,97.11,97,28,14.6372,78.5395,14.52
582,RU,Novoagansk,1651937060,18.14,66,86,61.9449,76.6625,9.55
583,US,Dawson,1651937061,74.62,0,51,31.7735,-84.4466,14.99
584,RU,Petrozavodsk,1651937062,63.86,0,34,61.7849,34.3469,17.9
